Time,latitude_deg,longitude_deg
s,,
0,35.0156533333333,139.002930277778
0.199999999999989,35.0156533333333,139.002927777778
0.400000000000006,35.0156533333333,139.002925277778
0.599999999999994,35.0156533333333,139.002923055556
0.800000000000011,35.0156533333333,139.002920555556
1,35.0156522222222,139.002918055556
1.19999999999999,35.0156497222222,139.002915
1.40000000000001,35.0156475,139.002911944444
1.59999999999999,35.015645,139.002908888889
1.80000000000001,35.0156425,139.002905833333
2,35.0156402777778,139.002903611111
2.19999999999999,35.0156377777778,139.0029025
2.40000000000001,35.0156352777778,139.002901388889
2.59999999999999,35.0156330555556,139.0029
2.80000000000001,35.0156305555556,139.002898888889
3,35.0156286111111,139.002897777778
3.19999999999999,35.0156275,139.002896666667
3.40000000000001,35.0156263888889,139.002895833333
3.6,35.015625,139.002894722222
3.80000000000001,35.0156238888889,139.002893888889
4,35.0156225,139.002893333333
4.19999999999999,35.0156202777778,139.002893611111
4.40000000000001,35.0156183333333,139.002893611111
4.6,35.0156163888889,139.002893888889
4.80000000000001,35.0156144444445,139.002894166667
5,35.0156125,139.002893611111
5.19999999999999,35.0156111111111,139.0028925
5.40000000000001,35.0156097222222,139.002891388889
5.6,35.0156083333333,139.00289
5.80000000000001,35.0156069444444,139.002888888889
6,35.0156061111111,139.002888333333
6.19999999999999,35.0156061111111,139.002888333333
6.40000000000001,35.0156061111111,139.002888333333
6.6,35.0156061111111,139.002888333333
6.80000000000001,35.0156061111111,139.002888333333
7,35.0156061111111,139.002888333333
7.19999999999999,35.0156061111111,139.002888333333
7.40000000000001,35.0156061111111,139.002888333333
7.6,35.0156061111111,139.002888333333
7.80000000000001,35.0156061111111,139.002888333333
8,35.0156041666667,139.002885
8.19999999999999,35.0155994444445,139.002877777778
8.40000000000001,35.0155947222222,139.002870277778
8.6,35.0155897222222,139.002863055556
8.80000000000001,35.015585,139.002855555556
9,35.0155808333333,139.002851111111
9.19999999999999,35.0155777777778,139.002850555556
9.40000000000001,35.0155744444445,139.002850277778
9.6,35.0155713888889,139.002849722222
9.80000000000001,35.0155680555556,139.002849444444
10,35.0155627777778,139.002846944444
10.2,35.015555,139.002841388889
10.4,35.0155469444445,139.002835555556
10.6,35.0155388888889,139.00283
10.8,35.0155308333333,139.002824444444
11,35.0155241666667,139.002818055556
11.2,35.0155191666667,139.002810833333
11.4,35.0155141666667,139.002803333333
11.6,35.0155091666667,139.002795833333
11.8,35.0155041666667,139.002788611111
12,35.0154977777778,139.002781111111
12.2,35.0154894444444,139.002773333333
12.4,35.0154808333333,139.002765833333
12.6,35.0154725,139.002758333333
12.8,35.0154641666667,139.002750555556
13,35.0154563888889,139.002744444444
13.2,35.0154497222222,139.002740555556
13.4,35.0154433333333,139.002736666667
13.6,35.0154366666667,139.0027325
13.8,35.01543,139.002728611111
14,35.0154230555556,139.002725
14.2,35.0154155555556,139.002722222222
14.4,35.0154077777778,139.002719444444
14.6,35.0154002777778,139.002716666667
14.8,35.0153927777778,139.002713888889
15,35.0153838888889,139.002709444444
15.2,35.0153736111111,139.002702777778
15.4,35.0153630555556,139.002696388889
15.6,35.0153527777778,139.002689722222
15.8,35.0153422222222,139.002683055556
16,35.0153286111111,139.002675833333
16.2,35.0153108333333,139.002667222222
16.4,35.0152927777778,139.002658888889
16.6,35.0152747222222,139.002650555556
16.8,35.0152566666667,139.002642222222
17,35.0152372222222,139.002635277778
17.2,35.0152158333333,139.002630555556
17.4,35.0151944444445,139.002626111111
17.6,35.0151730555556,139.002621388889
17.8,35.0151516666667,139.002616944444
18,35.0151302777778,139.00261
18.2,35.0151086111111,139.002599722222
18.4,35.0150869444444,139.002589444444
18.6,35.0150655555556,139.002579444444
18.8,35.0150438888889,139.002569166667
19,35.0150213888889,139.002559722222
19.2,35.0149977777778,139.002551666667
19.4,35.0149741666667,139.002543333333
19.6,35.0149505555556,139.002535277778
19.8,35.0149269444445,139.002526944444
20,35.0149036111111,139.002518888889
20.2,35.0148802777778,139.002511111111
20.4,35.0148572222222,139.002503333333
20.6,35.0148338888889,139.002495555556
20.8,35.0148108333333,139.002487777778
21,35.0147863888889,139.002479444444
21.2,35.01476,139.002470833333
21.4,35.0147338888889,139.002461944444
21.6,35.0147077777778,139.002453055556
21.8,35.0146813888889,139.002444444444
22,35.0146547222222,139.002431944444
22.2,35.0146272222222,139.002414166667
22.4,35.0145994444444,139.002396666667
22.6,35.0145719444444,139.002379166667
22.8,35.0145444444445,139.002361388889
23,35.0145152777778,139.002341111111
23.2,35.0144844444444,139.002317222222
23.4,35.0144533333333,139.002293333333
23.6,35.0144222222222,139.002269166667
23.8,35.0143913888889,139.002245277778
24,35.0143611111111,139.0022225
24.2,35.0143325,139.002201388889
24.4,35.0143036111111,139.002180555556
24.6,35.0142747222222,139.002159444444
24.8,35.0142461111111,139.002138611111
25,35.0142175,139.002118611111
25.2,35.0141894444445,139.002100277778
25.4,35.0141616666667,139.002081666667
25.6,35.0141336111111,139.002063333333
25.8,35.0141055555556,139.002045
26,35.0140777777778,139.0020275
26.2,35.0140502777778,139.002011666667
26.4,35.0140225,139.001995555556
26.6,35.013995,139.001979444444
26.8,35.0139672222222,139.001963611111
27,35.0139397222222,139.001946666667
27.2,35.0139125,139.001928333333
27.4,35.013885,139.001910277778
27.6,35.0138575,139.001891944444
27.8,35.0138302777778,139.001873888889
28,35.0138027777778,139.001856666667
28.2,35.0137758333333,139.001840833333
28.4,35.0137486111111,139.001825
28.6,35.0137213888889,139.001809166667
28.8,35.0136941666667,139.001793333333
29,35.0136658333333,139.001779166667
29.2,35.0136358333333,139.001767222222
29.4,35.0136058333333,139.001755277778
29.6,35.0135758333333,139.001743333333
29.8,35.0135458333333,139.001731111111
30,35.0135175,139.001714444444
30.2,35.0134913888889,139.001690833333
30.4,35.0134652777778,139.001667222222
30.6,35.0134394444445,139.001643611111
30.8,35.0134133333333,139.00162
31,35.0133866666667,139.001598888889
31.2,35.0133586111111,139.001581388889
31.4,35.0133305555556,139.001563611111
31.6,35.0133025,139.001546111111
31.8,35.0132744444444,139.001528611111
32,35.0132461111111,139.001510277778
32.2,35.0132166666667,139.001491388889
32.4,35.0131872222222,139.001472222222
32.6,35.0131577777778,139.001453333333
32.8,35.0131283333333,139.001434444444
33,35.0131005555556,139.001411666667
33.2,35.0130747222222,139.001383888889
33.4,35.0130488888889,139.001356111111
33.6,35.0130230555556,139.001328333333
33.8,35.0129972222222,139.001300555556
34,35.0129713888889,139.001274444444
34.2,35.012945,139.001250833333
34.4,35.0129188888889,139.001227222222
34.6,35.0128927777778,139.001203611111
34.8,35.0128663888889,139.00118
35,35.0128402777778,139.001157222222
35.2,35.0128144444445,139.001135833333
35.4,35.0127883333333,139.001114444444
35.6,35.0127625,139.001093055556
35.8,35.0127363888889,139.001071666667
36,35.0127113888889,139.001050277778
36.2,35.0126880555556,139.001028888889
36.4,35.0126647222222,139.0010075
36.6,35.0126413888889,139.000986111111
36.8,35.0126177777778,139.000964722222
37,35.0125952777778,139.000941111111
37.2,35.0125741666667,139.000914166667
37.4,35.0125530555556,139.0008875
37.6,35.0125476111111,139.000860555556
37.8,35.0125105555556,139.000833888889
38,35.0124877777778,139.000810833333
38.2,35.0124622222222,139.000793055556
38.4,35.0124369444445,139.000775277778
38.6,35.0124113888889,139.0007575
38.8,35.0123861111111,139.000739722222
39,35.0123608333333,139.000721388889
39.2,35.0123358333333,139.000702777778
39.4,35.0123108333333,139.000684166667
39.6,35.0122858333333,139.000665555556
39.8,35.0122608333333,139.000646944444
40,35.0122369444445,139.000628888889
40.2,35.0122141666667,139.000611388889
40.4,35.0121916666667,139.000593611111
40.6,35.0121688888889,139.000576111111
40.8,35.0121463888889,139.000558611111
41,35.0121238888889,139.000540555556
41.2,35.0121016666667,139.000522222222
41.4,35.0120794444445,139.000503888889
41.6,35.0120575,139.000485277778
41.8,35.0120352777778,139.000466944444
42,35.0120138888889,139.000448055556
42.2,35.0119936111111,139.000428333333
42.4,35.0119733333333,139.000408888889
42.6,35.0119533333333,139.000389166667
42.8,35.0119330555556,139.000369722222
43,35.0119133333333,139.000350555556
43.2,35.0118944444445,139.000332222222
43.4,35.0118752777778,139.000313888889
43.6,35.0118563888889,139.000295277778
43.8,35.0118372222222,139.000276944444
44,35.0118158333333,139.000258333333
44.2,35.0117908333333,139.000239444444
44.4,35.0117658333333,139.000220277778
44.6,35.0117408333333,139.000201388889
44.8,35.0117158333333,139.000182222222
45,35.0116919444445,139.000163611111
45.2,35.01167,139.000145833333
45.4,35.0116480555556,139.000127777778
45.6,35.0116261111111,139.000109722222
45.8,35.0116041666667,139.000091666667
46,35.0115794444445,139.000073888889
46.2,35.0115511111111,139.000056111111
46.4,35.0115225,139.000038333333
46.6,35.0114941666667,139.000020277778
46.8,35.0114658333333,139.0000025
47,35.0114383333333,139.016651388889
47.2,35.0114122222222,139.016633333333
47.4,35.0113858333333,139.016615277778
47.6,35.0113597222222,139.0165975
47.8,35.0113336111111,139.016579444444
48,35.0113061111111,139.016561666667
48.2,35.0112769444445,139.016544444444
48.4,35.0112477777778,139.016527222222
48.6,35.0112186111111,139.01651
48.8,35.0111891666667,139.016493055556
49,35.0111608333333,139.016475555556
49.2,35.0111330555556,139.016458333333
49.4,35.0111055555556,139.016440833333
49.6,35.0110780555556,139.016423333333
49.8,35.0110502777778,139.016406111111
50,35.0110191666667,139.0163875
50.2,35.0109830555556,139.016367222222
50.4,35.0109466666667,139.016346944444
50.6,35.0109105555556,139.016326944444
50.8,35.0108744444445,139.016306666667
51,35.0108427777778,139.016287777778
51.2,35.0108172222222,139.016270277778
51.4,35.0107919444444,139.016252777778
51.6,35.0107663888889,139.016235555556
51.8,35.0107411111111,139.016218055556
52,35.0107158333333,139.0162
52.2,35.0106908333333,139.016181388889
52.4,35.0106658333333,139.0161625
52.6,35.0106408333333,139.016143611111
52.8,35.0106158333333,139.016124722222
53,35.0105905555556,139.016106111111
53.2,35.0105652777778,139.016087222222
53.4,35.0105397222222,139.016068333333
53.6,35.0105144444445,139.016049722222
53.8,35.0104891666667,139.016030833333
54,35.0104638888889,139.016009722222
54.2,35.0104394444445,139.015985277778
54.4,35.0104147222222,139.015960833333
54.6,35.0103902777778,139.015936666667
54.8,35.0103655555556,139.015912222222
55,35.0103402777778,139.015888888889
55.2,35.0103144444445,139.015867222222
55.4,35.0102883333333,139.015845833333
55.6,35.0102625,139.015824166667
55.8,35.0102363888889,139.0158025
56,35.0102105555556,139.015778888889
56.2,35.010185,139.0157525
56.4,35.0101594444445,139.015726111111
56.6,35.0101338888889,139.015699722222
56.8,35.0101080555556,139.015673333333
57,35.0100827777778,139.015649444444
57.2,35.0100577777778,139.015629444444
57.4,35.0100327777778,139.015609444444
57.6,35.0100077777778,139.015589444444
57.8,35.0099827777778,139.015569444444
58,35.0099588888889,139.015547777778
58.2,35.0099363888889,139.015523055556
58.4,35.0099141666667,139.015498333333
58.6,35.0098916666667,139.015473888889
58.8,35.0098691666667,139.015449166667
59,35.0098455555556,139.015425833333
59.2,35.00982,139.015403611111
59.4,35.0097944444445,139.015381666667
59.6,35.0097688888889,139.015359722222
59.8,35.0097430555556,139.015337777778
60,35.0097177777778,139.015313333333
60.2,35.0096930555556,139.015285555556
60.4,35.0096683333333,139.015257777778
60.6,35.0096436111111,139.01523
60.8,35.0096186111111,139.015202222222
61,35.0095938888889,139.015175
61.2,35.0095694444445,139.015148888889
61.4,35.0095447222222,139.0151225
61.6,35.0095202777778,139.015096388889
61.8,35.0094955555556,139.015070277778
62,35.0094708333333,139.015046111111
62.2,35.0094461111111,139.015024444444
62.4,35.0094213888889,139.015003055556
62.6,35.0093963888889,139.014981666667
62.8,35.0093716666667,139.014960277778
63,35.0093472222222,139.014936388889
63.2,35.0093233333333,139.014908888889
63.4,35.0092991666667,139.014881111111
63.6,35.0092752777778,139.014853611111
63.8,35.0092511111111,139.014826111111
64,35.0092275,139.014799166667
64.2,35.0092044444444,139.014773055556
64.4,35.0091811111111,139.014746944444
64.6,35.0091580555556,139.014721111111
64.8,35.0091347222222,139.014695
65,35.0091111111111,139.014668055556
65.2,35.0090866666667,139.014639722222
65.4,35.0090622222222,139.014611388889
65.6,35.0090377777778,139.014582777778
65.8,35.0090133333333,139.014554444444
66,35.0089877777778,139.014523888889
66.2,35.0089608333333,139.014489722222
66.4,35.0089336111111,139.014455833333
66.6,35.0089063888889,139.014421666667
66.8,35.0088791666667,139.014387777778
67,35.0088516666667,139.014353888889
67.2,35.0088238888889,139.014320555556
67.4,35.0087961111111,139.014287222222
67.6,35.0087683333333,139.014253888889
67.8,35.0087405555556,139.014220277778
68,35.0087138888889,139.014186944444
68.2,35.0086888888889,139.014153611111
68.4,35.0086638888889,139.014120277778
68.6,35.0086388888889,139.014086666667
68.8,35.0086138888889,139.014053333333
69,35.0085888888889,139.014021666667
69.2,35.0085638888889,139.0139925
69.4,35.0085388888889,139.013963333333
69.6,35.0085138888889,139.013934166667
69.8,35.0084888888889,139.013905
70,35.0084641666667,139.013874444444
70.2,35.00844,139.0138425
70.4,35.0084158333333,139.013810555556
70.6,35.0083916666667,139.013778611111
70.8,35.0083672222222,139.013746666667
71,35.0083433333333,139.013714166667
71.2,35.0083194444445,139.013681388889
71.4,35.0082958333333,139.013648611111
71.6,35.0082719444445,139.013615833333
71.8,35.0082480555556,139.013583055556
72,35.0082244444445,139.013549444444
72.2,35.0082008333333,139.013514722222
72.4,35.0081772222222,139.013479722222
72.6,35.0081536111111,139.013445
72.8,35.00813,139.013410277778
73,35.0081069444444,139.013374444444
73.2,35.0080844444444,139.0133375
73.4,35.0080622222222,139.013300555556
73.6,35.0080397222222,139.013263611111
73.8,35.0080172222222,139.013226388889
74,35.0079941666667,139.013189444444
74.2,35.0079702777778,139.013152222222
74.4,35.0079461111111,139.013115
74.6,35.0079222222222,139.013077777778
74.8,35.0078983333333,139.013040555556
75,35.0078761111111,139.013006111111
75.2,35.0078563888889,139.012975555556
75.4,35.0078369444444,139.012945
75.6,35.0078172222222,139.012914444444
75.8,35.0077977777778,139.012883888889
76,35.0077775,139.012851666667
76.2,35.0077563888889,139.0128175
76.4,35.0077355555556,139.012783333333
76.6,35.0077144444445,139.012749166667
76.8,35.0076936111111,139.012715
77,35.0076727777778,139.012680277778
77.2,35.0076727777778,139.012644722222
77.4,35.0076319444445,139.012609444444
77.6,35.0076116666667,139.012573888889
77.8,35.0075911111111,139.012538611111
78,35.0075697222222,139.012502222222
78.2,35.0075472222222,139.012464444444
78.4,35.0075247222222,139.012426666667
78.6,35.0075019444444,139.012388888889
78.8,35.0074794444444,139.012351111111
79,35.0074563888889,139.012313888889
79.2,35.0074327777778,139.0122775
79.4,35.0074091666667,139.012241388889
79.6,35.0073855555556,139.012205277778
79.8,35.0073619444445,139.000974722222
80,35.0073391666667,139.012133611111
80.2,35.0073169444445,139.012099166667
80.4,35.007295,139.012064722222
80.6,35.0072730555556,139.000919166667
80.8,35.0072511111111,139.011996111111
81,35.0072277777778,139.011960277778
81.2,35.0072030555556,139.011922777778
81.4,35.0071783333333,139.011885
81.6,35.0071536111111,139.0118475
81.8,35.0071286111111,139.011809722222
82,35.0071033333333,139.011773888889
82.2,35.0070772222222,139.011739722222
82.4,35.0070508333333,139.011705833333
82.6,35.0070247222222,139.011671666667
82.8,35.0069986111111,139.011637777778
83,35.0069725,139.011603888889
83.2,35.0069463888889,139.011570555556
83.4,35.0069202777778,139.011537222222
83.6,35.0068944444444,139.011503888889
83.8,35.0068683333333,139.011470277778
84,35.0068413888889,139.011438333333
84.2,35.0068130555556,139.011408055556
84.4,35.0067847222222,139.011378055556
84.6,35.0067561111111,139.011347777778
84.8,35.0067277777778,139.0113175
85,35.0066994444445,139.011287777778
85.2,35.0066708333333,139.011258888889
85.4,35.0066422222222,139.011229722222
85.6,35.0066136111111,139.011200833333
85.8,35.006585,139.011171944444
86,35.0065561111111,139.011143333333
86.2,35.0065275,139.011115277778
86.4,35.0064986111111,139.011087222222
86.6,35.0064697222222,139.011059166667
86.8,35.0064411111111,139.011031111111
87,35.0064116666667,139.011002777778
87.2,35.0063816666667,139.010973888889
87.4,35.0063516666667,139.010944722222
87.6,35.0063216666667,139.010915833333
87.8,35.0062916666667,139.010886944444
88,35.0062616666667,139.010858333333
88.2,35.0062313888889,139.010830555556
88.4,35.0062013888889,139.010802777778
88.6,35.0061711111111,139.010775
88.8,35.0061408333333,139.010747222222
89,35.00611,139.010715555556
89.2,35.0060783333333,139.010679166667
89.4,35.0060463888889,139.0106425
89.6,35.0060147222222,139.010605833333
89.8,35.0059827777778,139.010569166667
90,35.00595,139.010537222222
90.2,35.0059161111111,139.010511944444
90.4,35.0058822222222,139.010486388889
90.6,35.0058480555556,139.010461111111
90.8,35.0058141666667,139.010435833333
91,35.0057775,139.01041
91.2,35.0057372222222,139.010383888889
91.4,35.0056972222222,139.0103575
91.6,35.0056569444445,139.010331388889
91.8,35.0056166666667,139.010305277778
92,35.0055788888889,139.010280833333
92.2,35.0055438888889,139.010258611111
92.4,35.0055091666667,139.010236666667
92.6,35.0054744444445,139.010214722222
92.8,35.0054394444444,139.010192777778
93,35.0054033333333,139.010173055556
93.2,35.0053655555556,139.010156666667
93.4,35.0053275,139.010140277778
93.6,35.0052894444445,139.010123888889
93.8,35.0052513888889,139.0101075
94,35.0052138888889,139.010090277778
94.2,35.0051769444445,139.0100725
94.4,35.0051397222222,139.010054444444
94.6,35.0051027777778,139.010036388889
94.8,35.0050658333333,139.010018333333
95,35.0050283333333,139.010001111111
95.2,35.0049902777778,139.009984722222
95.4,35.0049519444444,139.009968333333
95.6,35.0049136111111,139.009951944444
95.8,35.0048755555556,139.009935555556
96,35.0048375,139.009918888889
96.2,35.0047997222222,139.009901944444
96.4,35.0047619444445,139.009884722222
96.6000000000001,35.0047241666667,139.009867777778
96.8,35.0046863888889,139.009850833333
97,35.0046486111111,139.009833055556
97.2,35.0046111111111,139.009814444444
97.4,35.0045733333333,139.009795833333
97.6000000000001,35.0045358333333,139.009777222222
97.8,35.0044980555556,139.009758611111
98,35.0044605555556,139.009739166667
98.2,35.0044233333333,139.009718333333
98.4,35.0043858333333,139.0096975
98.6000000000001,35.0043486111111,139.009676944444
98.8,35.0043111111111,139.009656111111
99,35.004275,139.009635277778
99.2,35.0042405555556,139.009614722222
99.4,35.0042061111111,139.009594166667
99.6000000000001,35.0041716666667,139.009573611111
99.8,35.0041372222222,139.009552777778
100,35.0041019444445,139.009532777778
100.2,35.004065,139.009513055556
100.4,35.0040283333333,139.009493611111
100.6,35.0039913888889,139.009473888889
100.8,35.0039547222222,139.009454444444
101,35.0039180555556,139.009435277778
101.2,35.0038816666667,139.009416666667
101.4,35.0038452777778,139.009398055556
101.6,35.0038088888889,139.009379444444
101.8,35.0037725,139.009360833333
102,35.0037363888889,139.009341944444
102.2,35.0037002777778,139.0093225
102.4,35.0036641666667,139.009303055556
102.6,35.0036283333333,139.009283611111
102.8,35.0035922222222,139.009264166667
103,35.0035555555556,139.009244444444
103.2,35.0035175,139.009223611111
103.4,35.0034794444445,139.009203055556
103.6,35.0034413888889,139.0091825
103.8,35.0034033333333,139.009161944444
104,35.0033647222222,139.009141666667
104.2,35.0033252777778,139.009121944444
104.4,35.0032855555556,139.009101944444
104.6,35.0032458333333,139.009082222222
104.8,35.0032063888889,139.0090625
105,35.0031663888889,139.009041944444
105.2,35.0031255555556,139.009020555556
105.4,35.0030847222222,139.008999166667
105.6,35.0030438888889,139.008977777778
105.8,35.0030030555556,139.008956388889
106,35.0029625,139.008937222222
106.2,35.0029225,139.008920833333
106.4,35.0028825,139.008904722222
106.6,35.0028425,139.008888611111
106.8,35.0028025,139.008872222222
107,35.0027630555556,139.008855555556
107.2,35.0027238888889,139.008838055556
107.4,35.002685,139.008820277778
107.6,35.0026461111111,139.008802777778
107.8,35.0026069444445,139.008785277778
108,35.0025680555556,139.008766666667
108.2,35.0025286111111,139.008746944444
108.4,35.0024894444444,139.008726944444
108.6,35.0024502777778,139.008707222222
108.8,35.0024111111111,139.0086875
109,35.0023722222222,139.008669444444
109.2,35.0023333333333,139.008654444444
109.4,35.0022944444445,139.008639166667
109.6,35.0022555555556,139.008623888889
109.8,35.0022169444444,139.008608888889
110,35.0021786111111,139.008594166667
110.2,35.0021413888889,139.008580833333
110.4,35.0021038888889,139.0085675
110.6,35.0020663888889,139.008554166667
110.8,35.0020291666667,139.008540833333
111,35.0019905555556,139.008528888889
111.2,35.0019505555556,139.008519444444
111.4,35.0019105555556,139.008510277778
111.6,35.0018705555556,139.008500833333
111.8,35.0018305555556,139.008491388889
112,35.0017913888889,139.0084825
112.2,35.0017530555556,139.008473888889
112.4,35.001715,139.008465555556
112.6,35.0016766666667,139.008457222222
112.8,35.0016386111111,139.008448888889
113,35.0015997222222,139.008441111111
113.2,35.00156,139.008434166667
113.4,35.00152,139.0084275
113.6,35.0014802777778,139.008420555556
113.8,35.0014405555556,139.008413888889
114,35.0014008333333,139.008407777778
114.2,35.0011944444445,139.0084025
114.4,35.0013216666667,139.008397222222
114.6,35.0012819444445,139.008392222222
114.8,35.0012422222222,139.008386944444
115,35.0012030555556,139.008383888889
115.2,35.0011638888889,139.008384444444
115.4,35.001125,139.008384722222
115.6,35.0010861111111,139.008385277778
115.8,35.0010469444445,139.008385555556
116,35.0010091666667,139.008386666667
116.2,35.0009730555556,139.008388333333
116.4,35.0009366666667,139.008390277778
116.6,35.0009005555556,139.008391944444
116.8,35.0008644444445,139.008393888889
117,35.0008269444445,139.008396388889
117.2,35.0007877777778,139.0084
117.4,35.0007486111111,139.008403611111
117.6,35.0007094444445,139.008407222222
117.8,35.00067,139.008410833333
118,35.0006333333333,139.008411111111
118.2,35.0006002777778,139.008407222222
118.4,35.0005669444445,139.008403333333
118.6,35.0005338888889,139.008399166667
118.8,35.0005005555556,139.008395277778
119,35.0004647222222,139.008396388889
119.2,35.000425,139.008405
119.4,35.000385,139.008413611111
119.6,35.0003452777778,139.008422222222
119.8,35.0003055555556,139.008430833333
120,35.0002663888889,139.008435555556
120.2,35.0002280555556,139.008435
120.4,35.00019,139.008434444444
120.6,35.0001516666667,139.008433888889
120.8,35.0001136111111,139.008433333333
121,35.0000747222222,139.008433888889
121.2,35.0000352777778,139.008436666667
121.4,35.0166622222222,139.008439166667
121.6,35.0166225,139.008441666667
121.8,35.0165830555556,139.008444444444
122,35.016545,139.008451388889
122.2,35.0165088888889,139.008464166667
122.4,35.0164730555556,139.008477222222
122.6,35.0164369444445,139.008490277778
122.8,35.0164008333333,139.008503333333
123,35.0163625,139.008513611111
123.2,35.0163208333333,139.008520555556
123.4,35.0162788888889,139.008527222222
123.6,35.0162372222222,139.008534166667
123.8,35.0161952777778,139.008540833333
124,35.0161547222222,139.008546388889
124.2,35.0161097222222,139.00855
124.4,35.0160666666667,139.008553611111
124.6,35.0160233333333,139.008557222222
124.8,35.01598,139.008560833333
125,35.0159383333333,139.008565833333
125.2,35.0158983333333,139.008572777778
125.4,35.0158583333333,139.008579722222
125.6,35.0158183333333,139.008586666667
125.8,35.0157783333333,139.008593888889
126,35.0157380555556,139.008596666667
126.2,35.0156972222222,139.008593611111
126.4,35.0156563888889,139.008590555556
126.6,35.0156155555556,139.0085875
126.8,35.0155747222222,139.008584722222
127,35.0155344444444,139.008581666667
127.2,35.0154947222222,139.008578611111
127.4,35.0154552777778,139.008575555556
127.6,35.0154155555556,139.0085725
127.8,35.0153761111111,139.008569722222
128,35.0153372222222,139.008495694444
128.2,35.0152997222222,139.008568333333
128.4,35.0152619444445,139.008568888889
128.6,35.0152244444444,139.008569166667
128.8,35.0151869444445,139.008569722222
129,35.0151488888889,139.008569722222
129.2,35.0151108333333,139.008569166667
129.4,35.0151108333333,139.008568888889
129.6,35.0150344444445,139.008568611111
129.8,35.0149961111111,139.008568055556
130,35.0149580555556,139.008568333333
130.2,35.0149202777778,139.008569444444
130.4,35.0148825,139.008570833333
130.6,35.0148447222222,139.008571944444
130.8,35.0148069444445,139.008573055556
131,35.0147702777778,139.008575555556
131.2,35.0147347222222,139.008579722222
131.4,35.0146994444445,139.008583888889
131.6,35.0146638888889,139.008588333333
131.8,35.0146286111111,139.0085925
132,35.0145922222222,139.008596944444
132.2,35.0145541666667,139.008602222222
132.4,35.0145041666667,139.0086075
132.6,35.0144780555556,139.0086125
132.8,35.01444,139.008617777778
133,35.0144019444445,139.0086225
133.2,35.0143633333333,139.008626388889
133.4,35.0143247222222,139.008630555556
133.6,35.0142861111111,139.008634444444
133.8,35.0142475,139.008638611111
134,35.0142072222222,139.008643333333
134.2,35.014165,139.008649166667
134.4,35.0141225,139.008655
134.6,35.01408,139.008660555556
134.8,35.0140377777778,139.008666388889
135,35.0139972222222,139.008664444444
135.2,35.0139591666667,139.008651666667
135.4,35.0139211111111,139.008638888889
135.6,35.0138830555556,139.008626111111
135.8,35.013845,139.008613333333
136,35.0138069444445,139.008609444444
136.2,35.0137686111111,139.008618333333
136.4,35.01373,139.008627222222
136.6,35.0136916666667,139.008635833333
136.8,35.0136533333333,139.008644722222
137,35.0136147222222,139.008651944444
137.2,35.0135755555556,139.008656944444
137.4,35.0135366666667,139.008661944444
137.6,35.0134977777778,139.008666944444
137.8,35.0134586111111,139.008671944444
138,35.0134191666667,139.008676944444
138.2,35.0133791666667,139.008682222222
138.4,35.0133391666667,139.0086875
138.6,35.0132991666667,139.0086925
138.8,35.0132591666667,139.008697777778
139,35.0132183333333,139.008703611111
139.2,35.0131763888889,139.008710555556
139.4,35.0131344444445,139.008717222222
139.6,35.0130925,139.008724166667
139.8,35.0130505555556,139.008730833333
140,35.0130075,139.008738611111
140.2,35.0129636111111,139.008747222222
140.4,35.0129197222222,139.008756111111
140.6,35.0128755555556,139.008765
140.8,35.0128316666667,139.008773611111
141,35.0127872222222,139.008781944444
141.2,35.0127422222222,139.008789166667
141.4,35.0126972222222,139.008796111111
141.6,35.0126522222222,139.008803333333
141.8,35.0126072222222,139.008810555556
142,35.0125622222222,139.008815833333
142.2,35.0125169444444,139.008818055556
142.4,35.0124716666667,139.008820277778
142.6,35.0124263888889,139.0088225
142.8,35.0123813888889,139.008824444444
143,35.012335,139.008825555556
143.2,35.0122872222222,139.008825
143.4,35.0122394444445,139.008824444444
143.6,35.0121916666667,139.008823888889
143.8,35.0121438888889,139.008823333333
144,35.0120955555556,139.008821944444
144.2,35.0120472222222,139.00882
144.4,35.0119986111111,139.008818055556
144.6,35.01195,139.008816111111
144.8,35.0119013888889,139.008814166667
145,35.0118525,139.008811388889
145.2,35.0118036111111,139.008808055556
145.4,35.0117544444444,139.008804722222
145.6,35.0117055555556,139.008801388889
145.8,35.0116563888889,139.008797777778
146,35.0116072222222,139.008795555556
146.2,35.0115577777778,139.008794444444
146.4,35.0115080555556,139.008793333333
146.6,35.0114586111111,139.0087925
146.8,35.0114088888889,139.008791388889
147,35.0113591666667,139.008791111111
147.2,35.0113091666667,139.008791388889
147.4,35.0112591666667,139.008791944444
147.6,35.0112091666667,139.008792222222
147.8,35.0111591666667,139.0087925
148,35.0111097222222,139.008789166667
148.2,35.0110613888889,139.00878
148.4,35.0110130555556,139.008771111111
148.6,35.0109644444445,139.008762222222
148.8,35.0109161111111,139.008753055556
149,35.0108672222222,139.008744722222
149.2,35.0108180555556,139.0087375
149.4,35.0107686111111,139.00873
149.6,35.0107191666667,139.0087225
149.8,35.0106697222222,139.008715277778
150,35.0106205555556,139.008707222222
150.2,35.0105711111111,139.008698611111
150.4,35.0105219444444,139.00869
150.6,35.0104727777778,139.008681388889
150.8,35.0104236111111,139.008672777778
151,35.0103752777778,139.008664166667
151.2,35.0103283333333,139.008655
151.4,35.0102813888889,139.008646111111
151.6,35.0102344444444,139.008637222222
151.8,35.0101872222222,139.008628055556
152,35.0101388888889,139.008615833333
152.2,35.0100886111111,139.008598888889
152.4,35.0100380555556,139.008581944444
152.6,35.0099877777778,139.008564722222
152.8,35.0099372222222,139.008547777778
153,35.0098875,139.008531388889
153.2,35.0098386111111,139.008516111111
153.4,35.0097894444445,139.008500555556
153.6,35.0097405555556,139.008485277778
153.8,35.0096913888889,139.00847
154,35.0096452777778,139.008455277778
154.2,35.0096025,139.008441666667
154.4,35.00956,139.008428055556
154.6,35.0095175,139.008414444444
154.8,35.0094747222222,139.008400833333
155,35.0094291666667,139.008386111111
155.2,35.0093794444444,139.008369722222
155.4,35.0093297222222,139.008353333333
155.6,35.0092797222222,139.008336944444
155.8,35.00923,139.008320555556
156,35.0091811111111,139.0083
156.2,35.0091338888889,139.008274166667
156.4,35.0090863888889,139.008248055556
156.6,35.0090388888889,139.008221944444
156.8,35.0089916666667,139.008196111111
157,35.0089436111111,139.008179444444
157.2,35.008895,139.008176388889
157.4,35.0088463888889,139.008173055556
157.6,35.0087977777778,139.00817
157.8,35.0087491666667,139.008166666667
158,35.0087019444445,139.008160277778
158.2,35.0086563888889,139.008149444444
158.4,35.0086108333333,139.008138888889
158.6,35.008565,139.008128055556
158.8,35.0085194444445,139.008117222222
159,35.0084730555556,139.008105833333
159.2,35.0084255555556,139.008093888889
159.4,35.0083777777778,139.008081944444
159.6,35.0083302777778,139.00807
159.8,35.0082827777778,139.008057777778
160,35.0082366666667,139.008044444444
160.2,35.0081925,139.008029444444
160.4,35.0081486111111,139.008014166667
160.6,35.0081047222222,139.007998888889
160.8,35.0080605555556,139.007983888889
161,35.0080144444444,139.007971388889
161.2,35.0079655555556,139.007963333333
161.4,35.0079163888889,139.007955
161.6,35.0078675,139.007946944444
161.8,35.0078186111111,139.007938611111
162,35.00777,139.007930833333
162.2,35.0077219444444,139.007923611111
162.4,35.0076738888889,139.007916388889
162.6,35.0076258333333,139.007909166667
162.8,35.0075780555556,139.007901944444
163,35.00753,139.007893888889
163.2,35.0074822222222,139.007884166667
163.4,35.0074344444444,139.007874722222
163.6,35.0073866666667,139.007865
163.8,35.0073388888889,139.007855555556
164,35.0072905555556,139.007846666667
164.2,35.0072422222222,139.007838611111
164.4,35.0071936111111,139.007830555556
164.6,35.007145,139.0078225
164.8,35.0070963888889,139.007814444444
165,35.0070480555556,139.007804722222
165.2,35.0070005555556,139.007792222222
165.4,35.0069527777778,139.00778
165.6,35.0069052777778,139.0077675
165.8,35.0068577777778,139.007755
166,35.0068097222222,139.007743333333
166.2,35.0067608333333,139.007732222222
166.4,35.0067119444445,139.007721388889
166.6,35.0066633333333,139.007710277778
166.8,35.0066144444445,139.007699166667
167,35.0065655555556,139.007688055556
167.2,35.0065172222222,139.007676666667
167.4,35.0064686111111,139.007665277778
167.6,35.00642,139.007653888889
167.8,35.0063713888889,139.0076425
168,35.0063216666667,139.0076325
168.2,35.00627,139.007624444444
168.4,35.0062186111111,139.007616666667
168.6,35.0061672222222,139.007608611111
168.8,35.0061158333333,139.007600555556
169,35.0060655555556,139.007592777778
169.2,35.0060163888889,139.007582777778
169.4,35.0059675,139.007573611111
169.6,35.0059186111111,139.007564444444
169.8,35.0058694444444,139.007555277778
170,35.00582,139.007544722222
170.2,35.0057691666667,139.007532222222
170.4,35.0057186111111,139.00752
170.6,35.0056680555556,139.0075075
170.8,35.0056175,139.007495
171,35.0055663888889,139.007483055556
171.2,35.0055147222222,139.007471111111
171.4,35.0054633333333,139.007459444444
171.6,35.0054116666667,139.0074475
171.8,35.00536,139.007435833333
172,35.0053072222222,139.007423333333
172.2,35.0052527777778,139.007409722222
172.4,35.0051986111111,139.007396111111
172.6,35.0051441666667,139.0073825
172.8,35.0050897222222,139.007368888889
173,35.0050380555556,139.007354166667
173.2,35.0049905555556,139.007337777778
173.4,35.0049427777778,139.007321388889
173.6,35.0048952777778,139.007304722222
173.8,35.0048477777778,139.007288333333
174,35.0047988888889,139.007273611111
174.2,35.0047480555556,139.007260833333
174.4,35.0046972222222,139.007248055556
174.6,35.0046463888889,139.007235277778
174.8,35.0045955555556,139.007222222222
175,35.0045466666667,139.007209722222
175.2,35.0045008333333,139.007197222222
175.4,35.0044547222222,139.007185
175.6,35.0044088888889,139.0071725
175.8,35.0043627777778,139.00716
176,35.0043163888889,139.007147222222
176.2,35.00427,139.007133611111
176.4,35.0042233333333,139.00712
176.6,35.0041766666667,139.007106388889
176.8,35.00413,139.007092777778
177,35.0040836111111,139.007078611111
177.2,35.0040372222222,139.007063888889
177.4,35.0039908333333,139.007049166667
177.6,35.0039444444444,139.007034444444
177.8,35.0038980555556,139.007019444444
178,35.0038519444444,139.007005
178.2,35.0038063888889,139.006990833333
178.4,35.0037608333333,139.006976666667
178.6,35.003715,139.0069625
178.8,35.0036694444445,139.006948055556
179,35.0036241666667,139.006934166667
179.2,35.0035791666667,139.006920833333
179.4,35.0035341666667,139.0069075
179.6,35.0034891666667,139.006894166667
179.8,35.0034441666667,139.006880833333
180,35.0033986111111,139.0068675
180.2,35.0033519444445,139.006855
180.4,35.0033052777778,139.0068425
180.6,35.0032586111111,139.006829722222
180.8,35.0032122222222,139.006817222222
181,35.0031658333333,139.006803333333
181.2,35.00312,139.006788055556
181.4,35.0030741666667,139.006772777778
181.6,35.0030283333333,139.006757222222
181.8,35.0029827777778,139.006741944444
182,35.0029363888889,139.006726388889
182.2,35.00289,139.006711111111
182.4,35.0028433333333,139.006695555556
182.6,35.0027966666667,139.006680277778
182.8,35.00275,139.006665
183,35.0027030555556,139.006650277778
183.2,35.0026555555556,139.006636944444
183.4,35.0026077777778,139.006623611111
183.6,35.0025602777778,139.00661
183.8,35.0025127777778,139.006596666667
184,35.0024652777778,139.006584722222
184.2,35.0024177777778,139.006575
184.4,35.0023702777778,139.006565277778
184.6,35.0023230555556,139.006555277778
184.8,35.0022755555556,139.006545555556
185,35.0022272222222,139.006532777778
185.2,35.0021772222222,139.006515833333
185.4,35.0021272222222,139.006498888889
185.6,35.0020772222222,139.006481944444
185.8,35.0020272222222,139.006464722222
186,35.0019788888889,139.0064475
186.2,35.0019333333333,139.006429444444
186.4,35.0018877777778,139.006411388889
186.6,35.0018422222222,139.006393333333
186.8,35.0017966666667,139.006375277778
187,35.0017497222222,139.00636
187.2,35.0017008333333,139.006348611111
187.4,35.0016519444445,139.006337222222
187.6,35.0016033333333,139.006325833333
187.8,35.0015544444445,139.006314444444
188,35.0015063888889,139.006299166667
188.2,35.00146,139.006278055556
188.4,35.0014133333333,139.006257222222
188.6,35.0013666666667,139.006236111111
188.8,35.00132,139.006215277778
189,35.0012744444445,139.006191666667
189.2,35.0012297222222,139.006164722222
189.4,35.0011852777778,139.006137777778
189.6,35.0011405555556,139.006110555556
189.8,35.0010958333333,139.006083611111
190,35.0010522222222,139.006056944444
190.2,35.0010102777778,139.006030277778
190.4,35.0009680555556,139.006003611111
190.6,35.0009258333333,139.005976944444
190.8,35.0008836111111,139.005950555556
191,35.0008422222222,139.005923055556
191.2,35.0008019444445,139.005895
191.4,35.0007616666667,139.005866666667
191.6,35.0007216666667,139.005838611111
191.8,35.0006813888889,139.005810277778
192,35.0006397222222,139.005782222222
192.2,35.0005955555556,139.005753888889
192.4,35.0005516666667,139.005725833333
192.6,35.0005075,139.0056975
192.8,35.0004636111111,139.005669444444
193,35.0004236111111,139.005636111111
193.2,35.0003891666667,139.005595833333
193.4,35.0003547222222,139.005555277778
193.6,35.0003202777778,139.005515
193.8,35.0002861111111,139.005474444444
194,35.0002483333333,139.005438611111
194.2,35.0002063888889,139.005409444444
194.4,35.0001644444445,139.005380277778
194.6,35.0001225,139.005351111111
194.8,35.0000805555556,139.005321944444
195,35.0000397222222,139.005291111111
195.2,35.0000005555556,139.005257777778
195.4,35.0166283333333,139.005224722222
195.6,35.0165894444444,139.005191388889
195.8,35.0165502777778,139.005158333333
196,35.0165130555556,139.005124166667
196.2,35.0164786111111,139.005088611111
196.4,35.0164438888889,139.005052777778
196.6,35.0164094444444,139.005017222222
196.8,35.0163747222222,139.004981666667
197,35.0163397222222,139.004945
197.2,35.0163036111111,139.004906944444
197.4,35.0162675,139.004868611111
197.6,35.0162316666667,139.004830277778
197.8,35.0161955555556,139.004792222222
198,35.0161591666667,139.004754722222
198.2,35.0161222222222,139.004718333333
198.4,35.0160852777778,139.004681944444
198.6,35.0160480555556,139.004645555556
198.8,35.0160111111111,139.004609166667
199,35.0159775,139.004571666667
199.2,35.0159486111111,139.004532777778
199.4,35.0159194444444,139.004493611111
199.6,35.0158905555556,139.004454722222
199.8,35.0158630555556,139.004415555556
200,35.0158297222222,139.004377222222
200.2,35.0157941666667,139.004339166667
200.4,35.0157586111111,139.004301111111
200.6,35.0157230555556,139.004263055556
200.8,35.0156872222222,139.004225
201,35.0156525,139.004186111111
201.2,35.0156186111111,139.004145277778
201.4,35.015585,139.004104722222
201.6,35.0155511111111,139.004064166667
201.8,35.0155172222222,139.004023611111
202,35.0154841666667,139.003983611111
202.2,35.0154516666667,139.0039425
202.4,35.0154191666667,139.003904722222
202.6,35.0153869444445,139.003865277778
202.8,35.0153544444445,139.003825833333
203,35.0153244444445,139.003789722222
203.2,35.0152977777778,139.003757777778
203.4,35.0152713888889,139.003726111111
203.6,35.0152447222222,139.003694166667
203.8,35.0152180555556,139.0036625
204,35.0151919444445,139.003627222222
204.2,35.0151669444445,139.003586944444
204.4,35.0151416666667,139.003546666667
204.6,35.0151163888889,139.003506666667
204.8,35.0150913888889,139.003466388889
205,35.0150661111111,139.003424722222
205.2,35.0150408333333,139.003381111111
205.4,35.0150155555556,139.0033375
205.6,35.0149905555556,139.003293888889
205.8,35.0149652777778,139.003250277778
206,35.0149397222222,139.003206111111
206.2,35.0149133333333,139.003160555556
206.4,35.0148872222222,139.003115277778
206.6,35.0148611111111,139.003069722222
206.8,35.0148347222222,139.003024444444
207,35.0148094444445,139.002978055556
207.2,35.0147847222222,139.002930833333
207.4,35.01476,139.002883333333
207.6,35.0147355555556,139.002852777778
207.8,35.0147108333333,139.002788611111
208,35.0146872222222,139.002743333333
208.2,35.014665,139.002701388889
208.4,35.0146427777778,139.002659444444
208.6,35.0146208333333,139.0026175
208.8,35.0145986111111,139.002575555556
209,35.0145761111111,139.002532222222
209.2,35.0145536111111,139.002487222222
209.4,35.0145308333333,139.002442222222
209.6,35.0145083333333,139.002397222222
209.8,35.0144858333333,139.002352222222
210,35.0144638888889,139.002306666667
210.2,35.0144427777778,139.002260555556
210.4,35.0144219444445,139.002214166667
210.6,35.0144008333333,139.002168055556
210.8,35.0143797222222,139.002121944444
211,35.0143586111111,139.002075555556
211.2,35.0143372222222,139.002028611111
211.4,35.0143158333333,139.001981944444
211.6,35.0142944444445,139.001935
211.8,35.0142730555556,139.001888333333
212,35.0142494444445,139.001841111111
212.2,35.0142222222222,139.001793611111
212.4,35.0141952777778,139.001745833333
212.6,35.0141683333333,139.001698333333
212.8,35.0141413888889,139.001650833333
213,35.0141158333333,139.001603888889
213.2,35.0140927777778,139.001557777778
213.4,35.0140694444445,139.015400555556
213.6,35.0140463888889,139.001465833333
213.8,35.0140230555556,139.001419722222
214,35.0140005555556,139.001373888889
214.2,35.0139786111111,139.001328333333
214.4,35.0139569444445,139.001282777778
214.6,35.013935,139.001237222222
214.8,35.0139133333333,139.001191666667
215,35.0138938888889,139.001146388889
215.2,35.0138775,139.001102222222
215.4,35.0138613888889,139.001058055556
215.6,35.0138452777778,139.001013888889
215.8,35.0138288888889,139.000969722222
216,35.0138075,139.000926388889
216.2,35.0137788888889,139.000884444444
216.4,35.01375,139.0008425
216.6,35.0137211111111,139.000800555556
216.8,35.0136925,139.000758333333
217,35.0136669444445,139.000716944444
217.2,35.0136463888889,139.000676111111
217.4,35.0136258333333,139.000635277778
217.6,35.0136052777778,139.000594444444
217.8,35.0135844444445,139.000553611111
218,35.0135611111111,139.0005125
218.2,35.0135341666667,139.000470555556
218.4,35.0135069444445,139.000428333333
218.6,35.0134797222222,139.000386388889
218.8,35.0134525,139.000344444444
219,35.0134275,139.000303611111
219.2,35.0134052777778,139.000264722222
219.4,35.0133833333333,139.000225555556
219.6,35.0133613888889,139.000186666667
219.8,35.0133394444445,139.000147777778
220,35.0133180555556,139.000109166667
220.2,35.0132980555556,139.000071111111
220.4,35.0132777777778,139.000033055556
220.6,35.0132575,139.016661666667
220.8,35.0132372222222,139.016623888889
221,35.0132166666667,139.016584166667
221.2,35.013195,139.016542222222
221.4,35.0131733333333,139.0165
221.6,35.0131516666667,139.016458055556
221.8,35.0131302777778,139.016416111111
222,35.0131075,139.016374166667
222.2,35.0130830555556,139.016332222222
222.4,35.0130586111111,139.016290055556
222.6,35.0130341666667,139.016248055556
222.8,35.0130097222222,139.016206111111
223,35.0129861111111,139.016162222222
223.2,35.0129633333333,139.016115833333
223.4,35.0129405555556,139.016069444444
223.6,35.0129177777778,139.016023055556
223.8,35.012895,139.015976666667
224,35.0128725,139.015931388889
224.2,35.0128505555556,139.015887777778
224.4,35.0128288888889,139.015844166667
224.6,35.0128069444444,139.015800555556
224.8,35.0127852777778,139.015756944444
225,35.0127647222222,139.0157125
225.2,35.0127461111111,139.015666388889
225.4,35.0127275,139.015620555556
225.6,35.0127088888889,139.015574444444
225.8,35.0126902777778,139.015528333333
226,35.0126672222222,139.015482777778
226.2,35.0126377777778,139.015437777778
226.4,35.0126081388889,139.015392777778
226.6,35.0125783333333,139.015347777778
226.8,35.0125488888889,139.015302777778
227,35.0125227777778,139.015255833333
227.2,35.0125011111111,139.015206111111
227.4,35.0124797222222,139.015156388889
227.6,35.0124583333333,139.015106388889
227.8,35.0124369444445,139.015056666667
228,35.0124138888889,139.015008055556
228.2,35.0123886111111,139.014960833333
228.4,35.0123630555556,139.014913611111
228.6,35.0123377777778,139.014866388889
228.8,35.0123125,139.014819166667
229,35.0122883333333,139.014774166667
229.2,35.0122661111111,139.014732222222
229.4,35.0122438888889,139.01469
229.6,35.0122216666667,139.014648055556
229.8,35.0121994444444,139.014606111111
230,35.0121761111111,139.014562777778
230.2,35.0121511111111,139.0145175
230.4,35.0121261111111,139.0144725
230.6,35.0121011111111,139.014427222222
230.8,35.0120761111111,139.014381944444
231,35.0120513888889,139.014336944444
231.2,35.0120269444445,139.0142925
231.4,35.0120025,139.014247777778
231.6,35.0119783333333,139.014203333333
231.8,35.0119538888889,139.014158611111
232,35.0119302777778,139.014113611111
232.2,35.0119083333333,139.014068055556
232.4,35.0118863888889,139.0140225
232.6,35.0118644444444,139.013976666667
232.8,35.0118425,139.013931111111
233,35.0118197222222,139.013885555556
233.2,35.0117963888889,139.013840277778
233.4,35.0117730555556,139.013795
233.6,35.0117497222222,139.013749444444
233.8,35.0117261111111,139.013704166667
234,35.0117041666667,139.013660555556
234.2,35.0116841666667,139.01362
234.4,35.0116641666667,139.013579444444
234.6,35.0116441666667,139.013538888889
234.8,35.0116241666667,139.013498333333
235,35.0116044444445,139.013457222222
235.2,35.0115847222222,139.013415
235.4,35.0115652777778,139.013373055556
235.6,35.0115455555556,139.013331111111
235.8,35.0115261111111,139.013289166667
236,35.0115061111111,139.013246388889
236.2,35.0114861111111,139.013202222222
236.4,35.0114661111111,139.013158333333
236.6,35.0114461111111,139.013111388889
236.8,35.0114261111111,139.013070277778
237,35.0114061111111,139.013026666667
237.2,35.0113852777778,139.012983611111
237.4,35.0113647222222,139.012940555556
237.6,35.0113441666667,139.012897777778
237.8,35.0113236111111,139.012854722222
238,35.0113027777778,139.012812222222
238.2,35.0112819444444,139.01277
238.4,35.0112608333333,139.012728055556
238.6,35.0112397222222,139.012686111111
238.8,35.0112188888889,139.012644166667
239,35.0111994444445,139.012602222222
239.2,35.0111819444445,139.012560277778
239.4,35.0111644444445,139.012518611111
239.6,35.0111472222222,139.012476666667
239.8,35.0111297222222,139.012435
240,35.0111105555556,139.012393611111
240.2,35.0110886111111,139.012353055556
240.4,35.0110669444445,139.0123125
240.6,35.011045,139.012271944444
240.8,35.0110233333333,139.012231388889
241,35.0110016666667,139.012191111111
241.2,35.0109805555556,139.012151388889
241.4,35.0109594444445,139.012111944444
241.6,35.0109380555556,139.012072222222
241.8,35.0109186111111,139.012032777778
242,35.0108980555556,139.011992222222
242.2,35.0108827777778,139.01195
242.4,35.0108672222222,139.011908055556
242.6,35.0108519444445,139.011866111111
242.8,35.0108366666667,139.011824166667
243,35.0108191666667,139.011782222222
243.2,35.0094097222222,139.01174
243.4,35.0107783333333,139.011698111111
243.6,35.0107577777778,139.011656111111
243.8,35.0107375,139.011614166667
244,35.0107155555556,139.011572777778
244.2,35.0106919444445,139.011532222222
244.4,35.0106680555556,139.011491944444
244.6,35.0106441666667,139.011451666667
244.8,35.0106205555556,139.011411111111
245,35.0105955555556,139.011370833333
245.2,35.0105694444444,139.011330555556
245.4,35.0105433333333,139.011290555556
245.6,35.0105169444445,139.011250277778
245.8,35.0104908333333,139.01121
246,35.0104661111111,139.011168333333
246.2,35.0104436111111,139.011124444444
246.4,35.0104208333333,139.011080833333
246.6,35.0103983333333,139.011036944444
246.8,35.0103758333333,139.010993055556
247,35.0103508333333,139.0109525
247.2,35.0103227777778,139.010916666667
247.4,35.010295,139.010880555556
247.6,35.0102669444445,139.010844722222
247.8,35.0102388888889,139.010808611111
248,35.0102088888889,139.010776111111
248.2,35.0101758333333,139.010748611111
248.4,35.0101427777778,139.010720833333
248.6,35.0101097222222,139.010693333333
248.8,35.0100769444444,139.010665555556
249,35.0100436111111,139.010636111111
249.2,35.01001,139.010603611111
249.4,35.0099763888889,139.010571388889
249.6,35.0099427777778,139.010538888889
249.8,35.0099091666667,139.010506388889
250,35.0098772222222,139.010475277778
250.2,35.0098472222222,139.010445555556
250.4,35.0098175,139.010416111111
250.6,35.0097877777778,139.010386388889
250.8,35.0097580555556,139.010356944444
251,35.0097266666667,139.010328888889
251.2,35.0096930555556,139.010303611111
251.4,35.0096594444445,139.010278055556
251.6,35.0096258333333,139.010252777778
251.8,35.0095922222222,139.0102275
252,35.0095563888889,139.010206944444
252.2,35.0095169444444,139.010193333333
252.4,35.0094777777778,139.010179722222
252.6,35.0094386111111,139.010166111111
252.8,35.0093994444445,139.0101525
253,35.0093577777778,139.010146111111
253.2,35.0093127777778,139.010149722222
253.4,35.0092677777778,139.010153333333
253.6,35.0092227777778,139.010156944444
253.8,35.0091777777778,139.010160555556
254,35.0091366666667,139.0101575
254.2,35.0091005555556,139.010145277778
254.4,35.0090647222222,139.010133055556
254.6,35.0090286111111,139.010120833333
254.8,35.0089925,139.010108611111
255,35.0089569444444,139.010096666667
255.2,35.0089213888889,139.010084444444
255.4,35.0088861111111,139.0100725
255.6,35.0088505555556,139.010060555556
255.8,35.0088152777778,139.010048611111
256,35.0087797222222,139.010038611111
256.2,35.0087436111111,139.010031944444
256.4,35.0087075,139.010025
256.6,35.0086716666667,139.010018333333
256.8,35.0086355555556,139.010011388889
257,35.0085997222222,139.010005277778
257.2,35.0085636111111,139.009999722222
257.4,35.0085275833333,139.009993888889
257.6,35.0084916666667,139.009988333333
257.8,35.0084555555556,139.009982777778
258,35.0084055555556,139.009978333333
258.2,35.0083819444445,139.009975555556
258.4,35.0083461111111,139.009972777778
258.6,35.0083094444444,139.00997
258.8,35.0082730555556,139.009967222222
259,35.0082369444444,139.009965833333
259.2,35.0082013888889,139.009966666667
259.4,35.0081661111111,139.0099675
259.6,35.0081305555556,139.009968333333
259.8,35.0080952777778,139.009969166667
260,35.0080608333333,139.009969722222
260.2,35.0080277777778,139.009969722222
260.4,35.0079947222222,139.00997
260.6,35.0079619444445,139.009970277778
260.8,35.0079288888889,139.009970277778
261,35.0078966666667,139.009970555556
261.2,35.0078655555556,139.009970277778
261.4,35.0078347222222,139.00997
261.6,35.0078036111111,139.009969722222
261.8,35.0077727777778,139.009969722222
262,35.0077405555556,139.009969722222
262.2,35.0077069444445,139.009969722222
262.4,35.0076733333333,139.00997
262.6,35.0076397222222,139.009970277778
262.8,35.0076061111111,139.009970277778
263,35.0075725,139.009973055556
263.2,35.0075386111111,139.009978611111
263.4,35.007505,139.009984444444
263.6,35.0074711111111,139.009990277778
263.8,35.0074372222222,139.009996111111
264,35.0074041666667,139.010000555556
264.2,35.0073719444445,139.010003055556
264.4,35.0073397222222,139.010005277778
264.6,35.0073075,139.010007777778
264.8,35.0072752777778,139.01001
265,35.0072430555556,139.010011944444
265.2,35.0072105555556,139.010013055556
265.4,35.0071783333333,139.010013888889
265.6,35.0071458333333,139.010015
265.8,35.0071136111111,139.010015833333
266,35.00708,139.010015833333
266.2,35.007045,139.010014444444
266.4,35.00701,139.010013055556
266.6,35.006975,139.010011666667
266.8,35.00694,139.010010277778
267,35.0069055555556,139.010006666667
267.2,35.0068719444444,139.010000277778
267.4,35.0068383333333,139.009993611111
267.6,35.0068047222222,139.009986944444
267.8,35.0067711111111,139.009980277778
268,35.0067383333333,139.009976388889
268.2,35.0067066666667,139.009975833333
268.4,35.0066747222222,139.009975555556
268.6,35.0066430555556,139.009975277778
268.8,35.0066111111111,139.009974722222
269,35.0065788888889,139.009974444444
269.2,35.0065455555556,139.009973888889
269.4,35.0065122222222,139.009973611111
269.6,35.0064791666667,139.009973055556
269.8,35.0064458333333,139.009972777778
270,35.0064116666667,139.009974444444
270.2,35.0063758333333,139.009978888889
270.4,35.00634,139.009983055556
270.6,35.0063041666667,139.0099875
270.8,35.0062683333333,139.009991944444
271,35.0062313888889,139.009996111111
271.2,35.0061922222222,139.010000277778
271.4,35.0061533333333,139.010004166667
271.6,35.0061144444444,139.010008055556
271.8,35.0060752777778,139.010012222222
272,35.0060383333333,139.010013888889
272.2,35.0060038888889,139.0100125
272.4,35.0059694444445,139.010011111111
272.6,35.005935,139.010009722222
272.8,35.0059005555556,139.010008333333
273,35.005865,139.010008888889
273.2,35.0058277777778,139.010011666667
273.4,35.0057905555556,139.010014722222
273.6,35.0057536111111,139.010017777778
273.8,35.0057163888889,139.010020833333
274,35.0056797222222,139.010020555556
274.2,35.0056436111111,139.010015555556
274.4,35.0056075,139.010010555556
274.6,35.0055716666667,139.010005555556
274.8,35.0055355555556,139.010000555556
275,35.0055002777778,139.009996111111
275.2,35.0054663888889,139.0099925
275.4,35.0054325,139.009988888889
275.6,35.0053983333333,139.009985277778
275.8,35.0053644444445,139.009981666667
276,35.0053302777778,139.009978333333
276.2,35.0052958333333,139.009975277778
276.4,35.0052613888889,139.009972222222
276.6,35.0052269444445,139.009969166667
276.8,35.0051927777778,139.009966388889
277,35.0051586111111,139.009962777778
277.2,35.0051255555556,139.009958333333
277.4,35.0050922222222,139.009953888889
277.6,35.0050591666667,139.009949444444
277.8,35.0050258333333,139.009945
278,35.0049922222222,139.00994
278.2,35.0049577777778,139.009933333333
278.4,35.0049233333333,139.009926944444
278.6,35.0048891666667,139.009920555556
278.8,35.0048547222222,139.009914166667
279,35.0048205555556,139.0099075
279.2,35.0047869444445,139.009900555556
279.4,35.0047535277778,139.009893611111
279.6,35.0047197222222,139.009886666667
279.8,35.0046861111111,139.009879722222
280,35.0046516666667,139.009873333333
280.2,35.0046155555556,139.009868333333
280.4,35.0045797222222,139.009863333333
280.6,35.0045436111111,139.009858333333
280.8,35.0045075,139.009853333333
281,35.0044730555556,139.00985
281.2,35.0044405555556,139.009848333333
281.4,35.0044083333333,139.009846666667
281.6,35.0043758333333,139.009845
281.8,35.0043436111111,139.009843333333
282,35.0043105555556,139.009840555556
282.2,35.0042769444444,139.009835555556
282.4,35.0042433333333,139.009830555556
282.6,35.0042097222222,139.009825555556
282.8,35.0041761111111,139.009820555556
283,35.0041413888889,139.009813611111
283.2,35.004105,139.009804444444
283.4,35.0040686111111,139.009795277778
283.6,35.0040322222222,139.009786111111
283.8,35.0039958333333,139.009776944444
284,35.0039602777778,139.009769444444
284.2,35.0039255555556,139.009764444444
284.4,35.0038908333333,139.009759444444
284.6,35.0038563888889,139.009754444444
284.8,35.0038216666667,139.009749444444
285,35.0037858333333,139.009744444444
285.2,35.0037480555556,139.009739722222
285.4,35.0037102777778,139.009735
285.6,35.0036725,139.00973
285.8,35.0036347222222,139.009725277778
286,35.0035986111111,139.009718611111
286.2,35.003565,139.009709444444
286.4,35.0035313888889,139.009700277778
286.6,35.0034977777778,139.009691111111
286.8,35.0034641666667,139.009681944444
287,35.0034306944445,139.009672222222
287.2,35.0033963888889,139.009662222222
287.4,35.0033625,139.009651944444
287.6,35.0033283333333,139.009641666667
287.8,35.0032944444444,139.009631388889
288,35.0032602777778,139.009620833333
288.2,35.0032258333333,139.009609166667
288.4,35.0031913888889,139.0095975
288.6,35.0031569444444,139.009585833333
288.8,35.0031227777778,139.009574444444
289,35.0030888888889,139.009563055556
289.2,35.0030558333333,139.0095525
289.4,35.0030227777778,139.009541944444
289.6,35.0029897222222,139.009531388889
289.8,35.0029569444444,139.009520833333
290,35.0029227777778,139.00951
290.2,35.0028872222222,139.009498888889
290.4,35.0028516666667,139.009488055556
290.6,35.0028158333333,139.009476944444
290.8,35.0027802777778,139.009465833333
291,35.0027458333333,139.009454444444
291.2,35.0027127777778,139.009441944444
291.4,35.0026797222222,139.009429444444
291.6,35.0026469444445,139.009417222222
291.8,35.0026138888889,139.009404722222
292,35.0025819444445,139.009391388889
292.2,35.0025519444444,139.009376944444
292.4,35.0025219444445,139.009362222222
292.6,35.0024919444445,139.009347777778
292.8,35.0024619444444,139.009333055556
293,35.0024325,139.009317222222
293.2,35.0024036111111,139.0093
293.4,35.0023744444444,139.0092825
293.6,35.0023455555556,139.009265
293.8,35.0023163888889,139.009247777778
294,35.0022861111111,139.0092325
294.2,35.0022536111111,139.009220555556
294.4,35.0022213888889,139.009208611111
294.6,35.0021888888889,139.009196666667
294.8,35.0021563888889,139.009184444444
295,35.0021238888889,139.009172222222
295.2,35.0020913888889,139.009159722222
295.4,35.0020588888889,139.009147222222
295.6,35.0020261111111,139.009134444444
295.8,35.0019936111111,139.009121944444
296,35.0019611111111,139.009109722222
296.2,35.0019283333333,139.009098055556
296.4,35.0018958333333,139.009086388889
296.6,35.0018633333333,139.009075
296.8,35.0018305555556,139.009063333333
297,35.0017972222222,139.009051111111
297.2,35.0017622222222,139.009038333333
297.4,35.0017275,139.009025555556
297.6,35.0016927777778,139.009012777778
297.8,35.0016577777778,139.009
298,35.0016236111111,139.008987777778
298.2,35.00159,139.008976666667
298.4,35.0015563888889,139.008965555556
298.6,35.0015227777778,139.008954166667
298.8,35.0014891666667,139.008943055556
299,35.0014561111111,139.008930833333
299.2,35.0014241666667,139.008916944444
299.4,35.0013922222222,139.008903333333
299.6,35.0013602777778,139.008889444444
299.8,35.0013283333333,139.008875555556
300,35.0012955555556,139.0088625
300.2,35.0012619444445,139.00885
300.4,35.0012283333333,139.0088375
300.6,35.0011947222222,139.008825277778
300.8,35.0011611111111,139.008812777778
301,35.0011263888889,139.008800277778
301.2,35.0010902777778,139.008787777778
301.4,35.0010541666667,139.008775
301.6,35.0010177777778,139.0087625
301.8,35.0009816666667,139.00875
302,35.0009455555556,139.008737777778
302.2,35.0009097222222,139.008726111111
302.4,35.0008736111111,139.008714444444
302.6,35.0008375,139.008702777778
302.8,35.0008016666667,139.008691388889
303,35.0007665,139.008679444444
303.2,35.0007327777778,139.008666944444
303.4,35.0006988888889,139.008654444444
303.6,35.000665,139.008642222222
303.8,35.0006313888889,139.008629722222
304,35.0005977777778,139.008618055556
304.2,35.0005647222222,139.008606944444
304.4,35.0005319444445,139.008595833333
304.6,35.0004988888889,139.008585
304.8,35.0004658333333,139.008573888889
305,35.0004325,139.0085625
305.2,35.0003986111111,139.008550555556
305.4,35.0042539444445,139.008538611111
305.6,35.0003311111111,139.008526666667
305.8,35.0002972222222,139.008514444444
306,35.0002648055556,139.008502777778
306.2,35.0002336111111,139.008491111111
306.4,35.0002027777778,139.008479444444
306.6,35.0001716666667,139.008467777778
306.8,35.0001405555556,139.008456388889
307,35.000112,139.008445833333
307.2,35.0000869444445,139.011953333333
307.4,35.0000616666667,139.008427777778
307.6,35.0000363888889,139.008418888889
307.8,35.0000113888889,139.008409722222
308,35.0166527777778,139.008400833333
308.2,35.0166280555556,139.008408333333
308.4,35.0166033333333,139.008382777778
308.6,35.0165786111111,139.008463333333
308.8,35.0165536111111,139.008364722222
309,35.0165294444445,139.008356111111
309.2,35.0016505555556,139.008348333333
309.4,35.0164822222222,139.008340277778
309.6,35.0164586111111,139.008332222222
309.8,35.0153238888889,139.008324166667
310,35.0164116666667,139.008220555556
310.2,35.0163886111111,139.008311111111
310.4,35.0163655555556,139.008305
310.6,35.0163427777778,139.008299166667
310.8,35.0163197222222,139.008293055556
311,35.0162977777778,139.008287777778
311.2,35.0162772222222,139.008283333333
311.4,35.0162569444445,139.008278888889
311.6,35.0162366666667,139.008274444444
311.8,35.0162161111111,139.00827
312,35.0161983333333,139.008265277778
312.2,35.0161844444444,139.008260277778
312.4,35.0161702777778,139.008255
312.6,35.0153230555556,139.008249722222
312.8,35.0161425,139.008244444444
313,35.0161288888889,139.008239444444
313.2,35.0161158333333,139.008234722222
313.4,35.0161027777778,139.00823
313.6,35.0160897222222,139.008225
313.8,35.0160766666667,139.008220277778
314,35.0160627777778,139.008215
314.2,35.0160477777778,139.008209166667
314.4,35.0160325,139.008203055556
314.6,35.0160172222222,139.008196944444
314.8,35.0160022222222,139.008191111111
315,35.0159886111111,139.008183333333
315.2,35.0159775,139.008173055556
315.4,35.0159666666667,139.008162777778
315.6,35.0159555555556,139.008152777778
315.8,35.0159447222222,139.0081425
316,35.0159322222222,139.0081325
316.2,35.0159177777778,139.008123333333
316.4,35.0159033333333,139.008113888889
316.6,35.0158888888889,139.008104444444
316.8,35.0158747222222,139.008095
317,35.0158638888889,139.008084166667
317.2,35.0158583333333,139.008071666667
317.4,35.0158527777778,139.008059166667
317.6,35.0158469444445,139.008046388889
317.8,35.0158413888889,139.008033888889
318,35.0158358333333,139.008027777778
318.2,35.0158305555556,139.008030833333
318.4,35.0158252777778,139.008033888889
318.6,35.0158197222222,139.008036666667
318.8,35.0158144444445,139.008039722222
319,35.0158063888889,139.008040833333
319.2,35.015795,139.008039444444
319.4,35.0157836111111,139.008038055556
319.6,35.0157722222222,139.008036666667
319.8,35.0157608333333,139.008035277778
320,35.01575,139.008036111111
320.2,35.0157394444444,139.008040277778
320.4,35.0157291666667,139.008044166667
320.6,35.0157186111111,139.008048055556
320.8,35.0157083333333,139.008052222222
321,35.0156988888889,139.008058333333
321.2,35.0156905555556,139.008067777778
321.4,35.0156825,139.008077222222
321.6,35.0156741666667,139.008086666667
321.8,35.0156661111111,139.008096111111
322,35.0156566666667,139.008102222222
322.2,35.0156455555556,139.008104166667
322.4,35.0156347222222,139.008105833333
322.6,35.0156236111111,139.008107777778
322.8,35.0156125,139.008109444444
323,35.0156030555556,139.008111666667
323.2,35.0155958333333,139.008114444444
323.4,35.0155883333333,139.008117222222
323.6,35.0155808333333,139.00812
323.8,35.0155736111111,139.008122777778
324,35.0155661111111,139.008126111111
324.2,35.0155588888889,139.008129722222
324.4,35.0155516666667,139.008133333333
324.6,35.0155447222222,139.008136944444
324.8,35.0155375,139.008140555556
325,35.0155294444445,139.008144166667
325.2,35.0155205555556,139.008147777778
325.4,35.0155113888889,139.008151666667
325.6,35.0155025,139.008155555556
325.8,35.0154933333333,139.008159166667
326,35.0154836111111,139.008160277778
326.2,35.0154725,139.0081575
326.4,35.0154616666667,139.008154722222
326.6,35.0154505555556,139.008151944444
326.8,35.0154397222222,139.008149166667
327,35.0154283333333,139.008147222222
327.2,35.0154163888889,139.008146666667
327.4,35.0154047222222,139.008146111111
327.6,35.0153927777778,139.008145555556
327.8,35.0153811111111,139.008145
328,35.0153694444445,139.008143611111
328.2,35.0153583333333,139.008141111111
328.4,35.0153472222222,139.008138611111
328.6,35.0153358333333,139.008136388889
328.8,35.0153247222222,139.008133888889
329,35.0153161111111,139.0081325
329.2,35.0153111111111,139.008132222222
329.4,35.0153061111111,139.008132222222
329.6,35.0153013888889,139.008131944444
329.8,35.0152963888889,139.008131944444
330,35.0152913888889,139.008131666667
330.2,35.0152863888889,139.008131666667
330.4,35.0152813888889,139.008131388889
330.6,35.0152766666667,139.008131388889
330.8,35.0152716666667,139.008131111111
331,35.0152666666667,139.008130833333
331.2,35.0152616666667,139.008130833333
331.4,35.0152566666667,139.008130555556
331.6,35.0152516666667,139.008130555556
331.8,35.0152469444444,139.008130277778
332,35.0152419444445,139.008130277778
332.2,35.0152369444445,139.00813
332.4,35.0152319444445,139.00813
332.6,35.0152269444444,139.008129722222
332.8,35.0152222222222,139.008129722222
333,35.0152169444445,139.00813
333.2,35.0152116666667,139.008130833333
333.4,35.0152061111111,139.008131944444
333.6,35.0152008333333,139.008133055556
333.8,35.0151952777778,139.008133888889
334,35.0151905555556,139.008134444444
334.2,35.0151863888889,139.008133888889
334.4,35.0151819444444,139.008133611111
334.6,35.0151777777778,139.008133055556
334.8,35.0151736111111,139.008132777778
335,35.0151677777778,139.008132777778
335.2,35.0151594444444,139.008133611111
335.4,35.0151508333333,139.008134444444
335.6,35.0151425,139.008135277778
335.8,35.0151341666667,139.008136111111
336,35.0151263888889,139.008136666667
336.2,35.0151197222222,139.008136944444
336.4,35.0151133333333,139.008136944444
336.6,35.0151066666667,139.008137222222
336.8,35.0151,139.0081375
337,35.0150936111111,139.008135
337.2,35.0150872222222,139.008129166667
337.4,35.0150808333333,139.008123055556
337.6,35.0150744444445,139.008116944444
337.8,35.0150680555556,139.008111111111
338,35.0150619444445,139.008105833333
338.2,35.0150563888889,139.008101944444
338.4,35.0150505555556,139.008097777778
338.6,35.015045,139.008093888889
338.8,35.0150394444445,139.00809
339,35.0150338888889,139.008088333333
339.2,35.0150283333333,139.008090277778
339.4,35.0150227777778,139.008092222222
339.6,35.0150169444445,139.008094444444
339.8,35.0150113888889,139.008096388889
